{
  "name": "wfrp4-enhanced-drag-n-drop-items",
  "title": "[WFRP4] Enhanced Drag and Drop Items",
  "description": "Drag and Drop function for Items",
  "version": "1.1.0",
  "minimumCoreVersion": "0.7.9",
  "compatibleCoreVersion": "0.7.9",
  "author": "Skeroujvapluvit",
  "dependencies": [
    {
      "name": "wfrp4e",
      "type": "system"
    }
  ],
  "esmodules": [
    "main.js"
  ],
  "languages": [
    {
      "lang": "en",
      "name": "English",
      "path": "lang/en.json"
    },
    {
      "lang": "fr",
      "name": "Français",
      "path": "lang/fr.json"
    }
  ],
  "url": "https://github.com/mcailleaux/WFRP4-FoundryVTT-enhanced-drag-n-drop-items",
  "download": "https://github.com/mcailleaux/WFRP4-FoundryVTT-enhanced-drag-n-drop-items/blob/dist/dist/wfrp4-enhanced-drag-n-drop-items.zip?raw=true",
  "manifest": "https://raw.githubusercontent.com/mcailleaux/WFRP4-FoundryVTT-enhanced-drag-n-drop-items/dist/module.json",
  "readme": "https://raw.githubusercontent.com/mcailleaux/WFRP4-FoundryVTT-enhanced-drag-n-drop-items/dist/README.md",
  "changelog": "https://raw.githubusercontent.com/mcailleaux/WFRP4-FoundryVTT-enhanced-drag-n-drop-items/dist/CHANGELOG.md"
}
